UserID,UserName,AgeGroup,Occupation,City
U001,Ananya,18-25,Freelancer,Mumbai
U002,Sneha,26-35,Software Engineer,Ahmedabad
U003,Arjun,46-55,Student,Hyderabad
U004,Arjun,26-35,Teacher,Ahmedabad
U005,Neha,18-25,Teacher,Ahmedabad
U006,Kavya,26-35,Finance Professional,Jaipur
U007,Rohan,18-25,Data Analyst,Kolkata
U008,Vikram,36-45,Data Analyst,Mumbai
U009,Vikram,18-25,Software Engineer,Kolkata
U010,Ananya,36-45,Business Owner,Jaipur
U011,Rohan,18-25,Finance Professional,Ahmedabad
U012,Ananya,46-55,Software Engineer,Ahmedabad
U013,Meera,36-45,Teacher,Bangalore
U014,Aditi,26-35,Freelancer,Bangalore
U015,Sneha,18-25,Marketing Professional,Delhi
U016,Nikhil,36-45,Data Analyst,Pune
U017,Pooja,26-35,Freelancer,Bangalore
U018,Neha,26-35,Teacher,Chennai
U019,Nikhil,46-55,Freelancer,Ahmedabad
U020,Sneha,36-45,Student,Mumbai
U021,Aditi,36-45,Marketing Professional,Delhi
U022,Arjun,26-35,Business Owner,Mumbai
U023,Divya,46-55,Finance Professional,Chennai
U024,Rohan,26-35,Teacher,Ahmedabad
U025,Ishita,36-45,Marketing Professional,Jaipur
U026,Sanjay,36-45,Teacher,Chennai
U027,Varun,46-55,Software Engineer,Hyderabad
U028,Ananya,26-35,Data Analyst,Kolkata
U029,Neha,18-25,Marketing Professional,Kolkata
U030,Neha,46-55,Freelancer,Ahmedabad
U031,Aarav,18-25,Freelancer,Pune
U032,Ananya,36-45,Marketing Professional,Chennai
U033,Nikhil,18-25,Freelancer,Ahmedabad
U034,Priya,18-25,Freelancer,Ahmedabad
U035,Neha,26-35,Data Analyst,Pune
U036,Priya,18-25,Business Owner,Kochi
U037,Aarav,18-25,Business Owner,Delhi
U038,Sneha,18-25,Teacher,Jaipur
U039,Arjun,18-25,Finance Professional,Bangalore
U040,Ishita,26-35,Data Analyst,Kochi
U041,Ishita,26-35,Freelancer,Ahmedabad
U042,Neha,46-55,Teacher,Ahmedabad
U043,Karthik,36-45,Marketing Professional,Pune
U044,Nikhil,46-55,Software Engineer,Mumbai
U045,Sneha,18-25,Business Owner,Hyderabad
U046,Aditya,26-35,Teacher,Hyderabad
U047,Arjun,18-25,Teacher,Bangalore
U048,Aditi,36-45,Software Engineer,Ahmedabad
U049,Sneha,36-45,Finance Professional,Mumbai
U050,Ishita,26-35,Finance Professional,Mumbai
U051,Divya,46-55,Teacher,Bangalore
U052,Ananya,46-55,Business Owner,Kolkata
U053,Kavya,46-55,Student,Bangalore
U054,Aditi,46-55,Business Owner,Bangalore
U055,Sneha,26-35,Teacher,Ahmedabad
U056,Nikhil,26-35,Marketing Professional,Chennai
U057,Rohan,46-55,Teacher,Bangalore
U058,Nikhil,18-25,Student,Ahmedabad
U059,Aarav,18-25,Teacher,Chennai
U060,Kavya,46-55,Finance Professional,Mumbai
U061,Sanjay,18-25,Data Analyst,Kolkata
U062,Aarav,46-55,Freelancer,Kochi
U063,Meera,46-55,Finance Professional,Chennai
U064,Karthik,36-45,Teacher,Hyderabad
U065,Aditya,18-25,Business Owner,Hyderabad
U066,Aditi,46-55,Data Analyst,Hyderabad
U067,Varun,18-25,Data Analyst,Bangalore
U068,Neha,18-25,Teacher,Kolkata
U069,Ananya,26-35,Student,Jaipur
U070,Arjun,46-55,Business Owner,Delhi
U071,Karthik,36-45,Teacher,Delhi
U072,Sanjay,26-35,Freelancer,Kochi
U073,Vikram,18-25,Student,Kochi
U074,Neha,18-25,Software Engineer,Ahmedabad
U075,Karthik,36-45,Data Analyst,Pune
U076,Arjun,26-35,Business Owner,Delhi
U077,Priya,46-55,Freelancer,Jaipur
U078,Varun,18-25,Freelancer,Bangalore
U079,Rahul,36-45,Software Engineer,Bangalore
U080,Ishita,26-35,Freelancer,Delhi
U081,Neha,26-35,Business Owner,Mumbai
U082,Rohan,46-55,Freelancer,Hyderabad
U083,Arjun,46-55,Freelancer,Hyderabad
U084,Aarav,36-45,Data Analyst,Delhi
U085,Priya,46-55,Marketing Professional,Ahmedabad
U086,Aarav,18-25,Software Engineer,Chennai
U087,Ishita,18-25,Business Owner,Jaipur
U088,Ishita,26-35,Marketing Professional,Chennai
U089,Aditi,36-45,Business Owner,Hyderabad
U090,Pooja,26-35,Teacher,Bangalore
U091,Pooja,46-55,Data Analyst,Mumbai
U092,Priya,26-35,Marketing Professional,Hyderabad
U093,Priya,36-45,Marketing Professional,Mumbai
U094,Rohan,26-35,Software Engineer,Kolkata
U095,Aditi,46-55,Teacher,Mumbai
U096,Nikhil,36-45,Freelancer,Mumbai
U097,Sneha,18-25,Teacher,Kolkata
U098,Vikram,36-45,Software Engineer,Delhi
U099,Pooja,46-55,Business Owner,Hyderabad
U100,Ananya,36-45,Data Analyst,Jaipur
U101,Rohan,18-25,Software Engineer,Jaipur
U102,Kavya,36-45,Business Owner,Kolkata
U103,Neha,18-25,Marketing Professional,Jaipur
U104,Karthik,36-45,Student,Kolkata
U105,Aarav,26-35,Business Owner,Kolkata
U106,Arjun,36-45,Business Owner,Bangalore
U107,Meera,36-45,Marketing Professional,Pune
U108,Sanjay,36-45,Data Analyst,Mumbai
U109,Kavya,46-55,Data Analyst,Jaipur
U110,Aditya,36-45,Marketing Professional,Ahmedabad
U111,Aarav,36-45,Freelancer,Mumbai
U112,Kavya,36-45,Finance Professional,Kochi
U113,Nikhil,26-35,Finance Professional,Chennai
U114,Arjun,36-45,Business Owner,Bangalore
U115,Sneha,36-45,Teacher,Mumbai
U116,Rahul,18-25,Student,Mumbai
U117,Divya,18-25,Finance Professional,Kolkata
U118,Aditya,26-35,Marketing Professional,Kochi
U119,Sanjay,26-35,Data Analyst,Hyderabad
U120,Ananya,46-55,Teacher,Chennai
U121,Varun,46-55,Student,Ahmedabad
U122,Sneha,18-25,Finance Professional,Chennai
U123,Nikhil,36-45,Finance Professional,Jaipur
U124,Varun,46-55,Finance Professional,Chennai
U125,Divya,46-55,Freelancer,Mumbai
U126,Rohan,46-55,Teacher,Delhi
U127,Nikhil,18-25,Freelancer,Mumbai
U128,Rohan,36-45,Business Owner,Ahmedabad
U129,Arjun,26-35,Data Analyst,Mumbai
U130,Sanjay,26-35,Teacher,Bangalore
U131,Kavya,46-55,Business Owner,Ahmedabad
U132,Nikhil,46-55,Student,Mumbai
U133,Kavya,46-55,Student,Jaipur
U134,Sanjay,46-55,Student,Pune
U135,Meera,46-55,Marketing Professional,Ahmedabad
U136,Ishita,26-35,Finance Professional,Mumbai
U137,Rohan,46-55,Finance Professional,Hyderabad
U138,Sanjay,36-45,Marketing Professional,Chennai
U139,Nikhil,26-35,Student,Kolkata
U140,Aditya,18-25,Software Engineer,Kolkata
U141,Rahul,46-55,Data Analyst,Hyderabad
U142,Rohan,46-55,Business Owner,Mumbai
U143,Nikhil,36-45,Business Owner,Kolkata
U144,Rohan,46-55,Freelancer,Bangalore
U145,Divya,18-25,Student,Pune
U146,Sneha,18-25,Student,Hyderabad
U147,Sneha,26-35,Student,Jaipur
U148,Rahul,26-35,Data Analyst,Kochi
U149,Ananya,26-35,Finance Professional,Delhi
U150,Pooja,26-35,Software Engineer,Chennai
U151,Meera,18-25,Student,Delhi
U152,Aditya,46-55,Marketing Professional,Mumbai
U153,Arjun,26-35,Software Engineer,Delhi
U154,Neha,18-25,Student,Pune
U155,Ishita,46-55,Business Owner,Bangalore
U156,Varun,36-45,Student,Kolkata
U157,Divya,18-25,Marketing Professional,Pune
U158,Nikhil,26-35,Marketing Professional,Chennai
U159,Varun,36-45,Finance Professional,Kochi
U160,Kavya,36-45,Business Owner,Mumbai
U161,Arjun,36-45,Finance Professional,Mumbai
U162,Nikhil,46-55,Business Owner,Hyderabad
U163,Divya,36-45,Data Analyst,Kochi
U164,Karthik,36-45,Freelancer,Pune
U165,Rohan,36-45,Student,Ahmedabad
U166,Karthik,18-25,Teacher,Kolkata
U167,Divya,26-35,Finance Professional,Kochi
U168,Nikhil,18-25,Software Engineer,Delhi
U169,Sneha,46-55,Teacher,Delhi
U170,Aditya,36-45,Finance Professional,Ahmedabad
U171,Varun,36-45,Marketing Professional,Ahmedabad
U172,Vikram,36-45,Finance Professional,Delhi
U173,Meera,36-45,Teacher,Bangalore
U174,Karthik,36-45,Software Engineer,Ahmedabad
U175,Priya,26-35,Teacher,Kochi
U176,Rohan,36-45,Software Engineer,Mumbai
U177,Meera,26-35,Business Owner,Chennai
U178,Meera,18-25,Data Analyst,Delhi
U179,Aditi,18-25,Freelancer,Chennai
U180,Divya,18-25,Student,Jaipur
U181,Meera,46-55,Finance Professional,Kochi
U182,Vikram,26-35,Student,Delhi
U183,Divya,18-25,Software Engineer,Kolkata
U184,Divya,18-25,Student,Chennai
U185,Rahul,36-45,Software Engineer,Mumbai
U186,Ananya,46-55,Teacher,Ahmedabad
U187,Sanjay,46-55,Finance Professional,Delhi
U188,Aditya,46-55,Freelancer,Jaipur
U189,Neha,18-25,Software Engineer,Mumbai
U190,Karthik,36-45,Software Engineer,Chennai
U191,Sneha,26-35,Software Engineer,Chennai
U192,Aarav,46-55,Finance Professional,Jaipur
U193,Divya,36-45,Student,Mumbai
U194,Meera,36-45,Finance Professional,Bangalore
U195,Sneha,36-45,Teacher,Kolkata
U196,Ananya,26-35,Data Analyst,Delhi
U197,Rahul,18-25,Student,Chennai
U198,Meera,36-45,Finance Professional,Bangalore
U199,Nikhil,36-45,Marketing Professional,Delhi
U200,Varun,46-55,Finance Professional,Bangalore
